{"name":"1a05b561-32b7-41c6-9063-4968c5457db1","id":"/providers/Microsoft.Flow/flows/1a05b561-32b7-41c6-9063-4968c5457db1","type":"Microsoft.Flow/flows","properties":{"apiId":"/providers/Microsoft.PowerApps/apis/shared_logicflows","displayName":"Get Office 365 Management Activity API Logs","definition":{"metadata":{"workflowEntityId":null,"flowclientsuspensionreason":"None","flowclientsuspensiontime":null,"creator":{"id":"08a5b26d-e908-49af-b8c6-e84d06beda87","type":"User","tenantId":"d2af3166-e76b-4d03-9942-fbc79d6b69f9"},"provisioningMethod":"FromDefinition","failureAlertSubscription":true,"clientLastModifiedTime":"2021-03-13T21:00:46.1856353Z"},"$schema":"https://schema.management.azure.com/providers/Microsoft.Logic/schemas/2016-06-01/workflowdefinition.json#","contentVersion":"1.0.0.0","parameters":{"$authentication":{"defaultValue":{},"type":"SecureObject"}},"triggers":{"Recurrence":{"recurrence":{"frequency":"Day","interval":1,"startTime":"2020-01-02T21:00:00.000Z"},"type":"Recurrence"}},"actions":{"Compose_-_Tenant_ID":{"runAfter":{"Compose_endTime_-_utcNow_-_yyyy-MM-ddThh:mm":["Succeeded"]},"type":"Compose","inputs":"Enter Tenant ID Here"},"Compose_-_Client_ID":{"runAfter":{"Compose_-_Tenant_ID":["Succeeded"]},"type":"Compose","inputs":"Enter Client ID Here"},"Compose_-_Client_Secret":{"runAfter":{"Compose_-_Client_ID":["Succeeded"]},"type":"Compose","inputs":"Enter Client Secret Here"},"HTTP_-_Get_Token":{"runAfter":{"Compose_-_Workload_to_Filter":["Succeeded"]},"type":"Http","inputs":{"method":"POST","uri":"https://login.microsoftonline.com/@{outputs('Compose_-_Tenant_ID')}/oauth2/token","headers":{"Content-Type":"application/x-www-form-urlencoded"},"body":"client_id=@{outputs('Compose_-_Client_ID')}&client_Secret=@{outputs('Compose_-_Client_Secret')}&resource=https://manage.office.com&grant_type=client_credentials"}},"Parse_JSON_-_Access_Token":{"runAfter":{"HTTP_-_Get_Token":["Succeeded"]},"type":"ParseJson","inputs":{"content":"@body('HTTP_-_Get_Token')","schema":{"type":"object","properties":{"token_type":{"type":"string"},"expires_in":{"type":"string"},"ext_expires_in":{"type":"string"},"expires_on":{"type":"string"},"not_before":{"type":"string"},"resource":{"type":"string"},"access_token":{"type":"string"}}}}},"HTTP_-_Start_Subscription":{"runAfter":{"Parse_JSON_-_Access_Token":["Succeeded"]},"type":"Http","inputs":{"method":"POST","uri":"https://manage.office.com/api/v1.0/@{outputs('Compose_-_Tenant_ID')}/activity/feed/subscriptions/start?contentType=Audit.SharePoint","headers":{"Authorization":" @{concat(body('HTTP_-_Get_Token')?['token_type'],' ',body('HTTP_-_Get_Token')?['access_token'])}","Content-Type":"application/json"}}},"Initialize_variable_varLogsArray":{"runAfter":{},"type":"InitializeVariable","inputs":{"variables":[{"name":"varLogsArray","type":"Array"}]}},"Compose_-_startTime_-_utcNow_minus_24_hours_-_yyyy-MM-ddThh:mm":{"runAfter":{"Initialize_variable_varLogsArray":["Succeeded"]},"type":"Compose","inputs":"@formatDateTime(subtractFromTime(utcNow(),24,'Hour'),'yyyy-MM-ddThh:mm')","description":"formatDateTime(subtractFromTime(utcNow(),24,'Hour'),'yyyy-MM-ddThh:mm')"},"Compose_endTime_-_utcNow_-_yyyy-MM-ddThh:mm":{"runAfter":{"Compose_-_startTime_-_utcNow_minus_24_hours_-_yyyy-MM-ddThh:mm":["Succeeded"]},"type":"Compose","inputs":"@formatDateTime(utcNow(), 'yyyy-MM-ddThh:mm')","description":"formatDateTime(utcNow(), 'yyyy-MM-ddThh:mm')"},"HTTP_-_Get_Content_Blobs":{"runAfter":{"HTTP_-_Start_Subscription":["Succeeded","Failed"]},"type":"Http","inputs":{"method":"GET","uri":"https://manage.office.com/api/v1.0/@{outputs('Compose_-_Tenant_ID')}/activity/feed/subscriptions/content?contentType=Audit.SharePoint&startTime=@{outputs('Compose_-_startTime_-_utcNow_minus_24_hours_-_yyyy-MM-ddThh:mm')}&endTime=@{outputs('Compose_endTime_-_utcNow_-_yyyy-MM-ddThh:mm')}","headers":{"Authorization":"@{concat(body('HTTP_-_Get_Token')?['token_type'],' ',body('HTTP_-_Get_Token')?['access_token'])}","Content-Type":"application/json"}}},"Apply_to_each_-_Get_Content_Blob(s)":{"foreach":"@body('HTTP_-_Get_Content_Blobs')","actions":{"HTTP_-_Get_Content_Blob":{"runAfter":{},"type":"Http","inputs":{"method":"GET","uri":"@items('Apply_to_each_-_Get_Content_Blob(s)')['contentUri']","headers":{"Authorization":"@{concat(body('HTTP_-_Get_Token')?['token_type'],' ',body('HTTP_-_Get_Token')?['access_token'])}","Content-Type":"application/json"}}},"Filter_array_workload_SharePoint":{"runAfter":{"HTTP_-_Get_Content_Blob":["Succeeded"]},"type":"Query","inputs":{"from":"@json(body('HTTP_-_Get_Content_Blob'))","where":"@equals(item()?['Workload'], outputs('Compose_-_Workload_to_Filter'))"}},"Apply_to_each_-_Content_Blob_Item":{"foreach":"@body('Filter_array_workload_SharePoint')","actions":{"Append_to_array_variable_varLogsArray":{"runAfter":{},"type":"AppendToArrayVariable","inputs":{"name":"varLogsArray","value":"@items('Apply_to_each_-_Content_Blob_Item')"}}},"runAfter":{"Filter_array_workload_SharePoint":["Succeeded"]},"type":"Foreach"}},"runAfter":{"HTTP_-_Get_Content_Blobs":["Succeeded"]},"type":"Foreach"},"Compose":{"runAfter":{"Apply_to_each_-_Get_Content_Blob(s)":["Succeeded"]},"type":"Compose","inputs":"@variables('varLogsArray')"},"Compose_-_Workload_to_Filter":{"runAfter":{"Compose_-_Client_Secret":["Succeeded"]},"type":"Compose","inputs":"SharePoint"}}},"connectionReferences":{},"flowFailureAlertSubscribed":false}}